Order,Number,ID
1,76,Ots-GVL-A000163
2,77,Ots-GVL-A000175
3,78,Ots-GVL-A000184
4,79,Ots-GVL-A000199
5,80,Ots-GVL-A000214
6,81,Ots-GVL-A000227
7,82,Ots-GVL-A000244
8,73,Ots_GVL000052
9,62,Ots_GVL000065
10,27,Ots_GVL000081
11,88,Ots-GVL-A000164
12,89,Ots-GVL-A000176
13,90,Ots-GVL-A000185
14,91,Ots-GVL-A000201
15,92,Ots-GVL-A000215
16,93,Ots-GVL-A000230
17,94,Ots-GVL-A000245
18,74,Ots_GVL000066
19,39,Ots_GVL000093
20,16,Ots_GVL000125
21,5,Ots-GVL-A000166
22,6,Ots-GVL-A000177
23,7,Ots-GVL-A000186
24,8,Ots-GVL-A000202
25,9,Ots-GVL-A000217
26,10,Ots-GVL-A000231
27,11,Ots-GVL-A000246
28,49,Ots_GVL000022
29,85,Ots_GVL000056
30,51,Ots_GVL000097
31,28,Ots_GVL000130
32,17,Ots-GVL-A000168
33,18,Ots-GVL-A000178
34,19,Ots-GVL-A000187
35,20,Ots-GVL-A000205
36,21,Ots-GVL-A000220
37,22,Ots-GVL-A000233
38,23,Ots-GVL-A000247
39,2,Ots_GVL000057
40,86,Ots_GVL000071
41,63,Ots_GVL000103
42,40,Ots_GVL000131
43,29,Ots-GVL-A000171
44,30,Ots-GVL-A000179
45,31,Ots-GVL-A000188
46,32,Ots-GVL-A000206
47,33,Ots-GVL-A000221
48,34,Ots-GVL-A000237
49,25,Ots_GVL000009
50,14,Ots_GVL000060
51,3,Ots_GVL000074
52,41,Ots-GVL-A000172
53,42,Ots-GVL-A000180
54,43,Ots-GVL-A000189
55,44,Ots-GVL-A000208
56,45,Ots-GVL-A000223
57,46,Ots-GVL-A000238
58,26,Ots_GVL000061
59,75,Ots_GVL000106
60,52,Ots_GVL000150
61,53,Ots-GVL-A000173
62,54,Ots-GVL-A000181
63,55,Ots-GVL-A000190
64,56,Ots-GVL-A000209
65,57,Ots-GVL-A000224
66,58,Ots-GVL-A000241
67,37,Ots_GVL000013
68,61,Ots_GVL000039
69,38,Ots_GVL000062
70,15,Ots_GVL000077
71,87,Ots_GVL000118
72,64,Ots_GVL000151
73,65,Ots-GVL-A000174
74,66,Ots-GVL-A000183
75,67,Ots-GVL-A000196
76,68,Ots-GVL-A000212
77,69,Ots-GVL-A000225
78,70,Ots-GVL-A000243
79,50,Ots_GVL000064
80,4,Ots_GVL000119
81,12,greb1
82,24,greb2
83,35,greb3
84,36,greb4
85,47,greb5
86,48,greb6
87,59,greb7
88,60,greb8
89,71,greb9
90,72,greb10
91,83,greb11
92,84,greb12
93,95,greb13
94,96,greb14
95,1,mike1
96,13,mike2