"","SNP","number"
"1","MikesSNP1",1
"2","Ots_GVL000057",2
"3","Ots_GVL000074",3
"4","Ots_GVL000119",4
"5","Ots-GVL-A000166",5
"6","Ots-GVL-A000177",6
"7","Ots-GVL-A000186",7
"8","Ots-GVL-A000202",8
"9","Ots-GVL-A000217",9
"10","Ots-GVL-A000231",10
"11","Ots-GVL-A000246",11
"12","GREB1l_pos2202893",12
"13","MikesSNP2",13
"14","Ots_GVL000060",14
"15","Ots_GVL000077",15
"16","Ots_GVL000125",16
"17","Ots-GVL-A000168",17
"18","Ots-GVL-A000178",18
"19","Ots-GVL-A000187",19
"20","Ots-GVL-A000205",20
"21","Ots-GVL-A000220",21
"22","Ots-GVL-A000233",22
"23","Ots-GVL-A000247",23
"24","GREB1l_pos2232335",24
"25","Ots_GVL000009",25
"26","Ots_GVL000061",26
"27","Ots_GVL000081",27
"28","Ots_GVL000130",28
"29","Ots-GVL-A000171",29
"30","Ots-GVL-A000179",30
"31","Ots-GVL-A000188",31
"32","Ots-GVL-A000206",32
"33","Ots-GVL-A000221",33
"34","Ots-GVL-A000237",34
"35","GREB1l_pos2152693",35
"36","GREB1l_pos2236519",36
"37","Ots_GVL000013",37
"38","Ots_GVL000062",38
"39","Ots_GVL000093",39
"40","Ots_GVL000131",40
"41","Ots-GVL-A000172",41
"42","Ots-GVL-A000180",42
"43","Ots-GVL-A000189",43
"44","Ots-GVL-A000208",44
"45","Ots-GVL-A000223",45
"46","Ots-GVL-A000238",46
"47","GREB1l_pos2154761",47
"48","GREB1l_pos2242614",48
"49","Ots_GVL000022",49
"50","Ots_GVL000064",50
"51","Ots_GVL000097",51
"52","Ots_GVL000150",52
"53","Ots-GVL-A000173",53
"54","Ots-GVL-A000181",54
"55","Ots-GVL-A000190",55
"56","Ots-GVL-A000209",56
"57","Ots-GVL-A000224",57
"58","Ots-GVL-A000241",58
"59","GREB1l_pos2194538",59
"60","GREB1l_pos2250316",60
"61","Ots_GVL000039",61
"62","Ots_GVL000065",62
"63","Ots_GVL000103",63
"64","Ots_GVL000151",64
"65","Ots-GVL-A000174",65
"66","Ots-GVL-A000183",66
"67","Ots-GVL-A000196",67
"68","Ots-GVL-A000212",68
"69","Ots-GVL-A000225",69
"70","Ots-GVL-A000243",70
"71","GREB1l_pos2198644",71
"72","GREB1l_pos2263077",72
"73","Ots_GVL000052",73
"74","Ots_GVL000066",74
"75","Ots_GVL000106",75
"76","Ots-GVL-A000163",76
"77","Ots-GVL-A000175",77
"78","Ots-GVL-A000184",78
"79","Ots-GVL-A000199",79
"80","Ots-GVL-A000214",80
"81","Ots-GVL-A000227",81
"82","Ots-GVL-A000244",82
"83","GREB1l_pos2199210",83
"84","GREB1l_pos2275162",84
"85","Ots_GVL000056",85
"86","Ots_GVL000071",86
"87","Ots_GVL000118",87
"88","Ots-GVL-A000164",88
"89","Ots-GVL-A000176",89
"90","Ots-GVL-A000185",90
"91","Ots-GVL-A000201",91
"92","Ots-GVL-A000215",92
"93","Ots-GVL-A000230",93
"94","Ots-GVL-A000245",94
"95","GREB1l_pos2200828",95
"96","GREB1l_pos2284749",96
